Abia_lonicerae_USNMENT01322220,0
Ablerus_sp1_USNMENT01231208,1
Absyrtus_sp_BS_UCE_Ich386,1
Acanthaegilips_brasiliensis_USNMENT01339636,1
Acanthocaudus_bicolor_USNMENT01322505,1
Acanthochalcis_nigricans_USNMENT01322190,1
Acerophagus_sp1_USNMENT01231200,1
Aceroteta_sp_USNMENT01197068,1
Aclista_sp_USNMENT01322344,1
Acordulecera_pellucida_USNMENT01322225,0
Acraspis_villosa_USNMENT01322264,0
Acrisis_sp1_USNMENT01322601,1
Acrolyta_sp_BS_UCE_Ich122,1
Acrotaphus_wiltii_BS_UCE_Ich319,1
Adelius_sp_nr_fasciipennis_USNMENT01322246,1
Adelognathus_sp_BS_UCE_Ich181,1
Ademon_sp1_USNMENT01322504,1
Adialytus_sp1_USNMENT01322467,1
Aegilips_sp3_USNMENT01339647,1
Afroserphus_masneri_USNMENT00896672,1
Agapostemon_tyleri_BND222,0
Agathis_sp1_USNMENT01322249,1
Agonocryptus_brevicauda_BS_UCE_Ich581,1
Agonocryptus_physocnemis_BS_UCE_Ich001,1
Agriotypus_armatus_BS_UCE_Ich182,1
Aiolomorphus_rhopaloides_USNMENT01322045,1
Alabagrus_sp3_USNMENT01322247,1
Aleiodes_sp1_USNMENT01322233,1
Alfredella_sp_USNMENT01197967,1
Aliolus_spA_USNMENT01322550,1
Allophrys_n_sp_BS_UCE_Ich339,1
Alloplasta_superba_BS_UCE_Ich312,1
Allostemma_sp_USNMENT01335756,1
Alloxysta_sp1_USNMENT01339609,1
Alomya_debellator_BS_UCE_Ich201,1
Alophophion_sp_BS_UCE_Ich327,1
Alysia_sp1_USNMENT01322532,1
Amblyaspis_sp_USNMENT01223891,1
Amitus_sp_USNMENT01223842,1
Ammophila_cybele_EX406,1
Ampibolips_hidalgoensis_USNMENT01339676,0
Ampulex_compressa_BND1382,1
Anacharis_sp_USNMENT01339612,1
Anagrus_sp_USNMENT01322527,1
Anagyrus_sp1_USNMENT01231185,1
Anastatus_reduvii_USNMENT01322064,1
Andrena_asteris_HPG17,0
Andrena_nigroaenea_BND531,0
Andricus_lucidus_USNMENT01322256,0
Andricus_quercusoperator_USNMENT01322298,0
Andricus_sp_USNMENT00877721,0
Anidarnes_nsp_JRAS06087_0389,1
Antistrophus_minor_USNMENT01322280,0
Annettella_sp_USNMENT01197959,1
Anomalon_sp_BS_UCE_Ich336B,1
Apanteles_sp4_USNMENT01322237,1
Aperilampus_sp_JRAS07798_0101,1
Aperileptus_sp_BS_UCE_Ich495,1
Aphaenogaster_megommata_EX379,1
Aphaereta_sp_megalops_USNMENT01322462,1
Aphanogmus_bicolor_PSUC_FEM13632,1
Aphanogmus_fumipennis_PSUC_FEM17533,1
Aphanogmus_steinitzi_PSUC_FEM17568,1
Aphanomerus_sp_USNMENT01109890,1
Aphelinus_sp1_USNMENT01231209,1
Aphelonix_persica_USNMENT01322296,0
Aphidius_sp4_USNMENT01322235,1
Apocharips_trapezoidea_USNMENT01322156,1
Aporus_niger_HPG6,1
Aprostocetus_prob_gala_USNMENT01322186,1
Apterogyna_sp_EX572,1
Aranedra_sp2_USNMENT01322392,1
Archaeoteleia_mellea_OSUC_203348,1
Arge_humeralis_USNMENT01339627,0
Argochrysis_armilla_EX434,1
Aridelus_sp1_USNMENT01322471,1
Arotes_melleus_BS_UCE_Ich301,1
Asaphes_vulgaris_JRAS07609_0389,1
Ascogaster_provancheri_USNMENT01322454,1
Asobara_sp1_USNMENT01322533,1
Aspicera_hartigi_USNMENT01322148,1
Aspilota_sp2_USNMENT01322446,1
Astrenis_sp_BS_UCE_Ich443,1
Atanycolus_sp_hicoriae_USNMENT01322499,1
Ateleute_sp_BS_UCE_Ich183,1
Athalia_sp_USNMENT01339632,0
Atomacera_decepta_USNMENT01339630,0
Atopotrophus_bucephalus_BS_UCE_Ich434,1
Atractodes_sp_BS_UCE_Ich154,1
Atrusca_bella_USNMENT00892683,0
Augochloropsis_metallica_EX397,0
Aulacidea_hieracii_USNMENT01322279,0
Aulacodes_nigriventris_USNMENT01322459,1
Aulacus_burquei_USNMENT01339672,1
Aulosaphoides_sp1_USNMENT01322583,1
Auplopus_sp_EX549,1
Ausasaphes_sp_USNMENT01322072,1
Austromerus_sp_USNMENT01197939,1
Austrozele_sp1_USNMENT01322441,1
Ausystole_sp_USNMENT01322399,1
Axima_zabriskiei_USNMENT01322046,1
Aximopsis_sp3_USNMENT01322404,1
Aylax_salviae_USNMENT01322277,0
Balcha_indica_USNMENT01322062,1
Barycnemis_sp_BS_UCE_Ich489,1
Barylypa_sp_BS_UCE_Ich478,1
Basalys_sp_USNMENT01322288,1
Neothlipsis_cincta_USNMENT01322251,1
Bassus_sp4_USNMENT01322252,1
Belyta_sp_USNMENT01322343,1
Bembix_americana_EX446,1
Bephrata_sp_USNMENT01322396,1
Bephratoides_sp1_USNMENT01322049,1
Binodoxys_sp1_USNMENT01322506,1
Binodoxys_sp2_USNMENT01322507,1
Biosteres_spinaciae_USNMENT01322591,1
Blacus_spA_USNMENT01322548,1
Blastophaga_psenes_JRAS02767_0189,1
Bombus_pennsylvanicus_HPG16,0
Brachycistis_timberlakei_EX440,1
Brachycyrtus_ornatus_BS_UCE_Ich187,1
Brachygaster_BRV003_PSUC_FEM188507,1
Brachymeria_sp_USNMENT01322177,1
Bracon_sp1_USNMENT01322232,1
Bruchodape_sp_USNMENT01322199,1
Bruchophagus_gibbus_USNMENT01339648,1
Bruchophagus_squamea_USNMENT01322377,1
Buathra_laborator_BS_UCE_Ich019,1
Calliephialtes_ferrugineus_BS_UCE_Ich375,1
Callihormius_bifasciatus_USNMENT01322486,1
Callirhytis_eldoradensis_USNMENT00893402,0
Callomelitta_antipodes_BND687,0
Calomerella_sp_USNMENT01197842,1
Campoletis_sonorensis_BS_UCE_Ich188,1
Cantharoctonus_sp1_USNMENT01322602,1
Capicola_richtersveldensis_BND941,0
Capitonius_chontalensis_USNMENT01322558,1
Cardiochiles_sp1_USNMENT01322431,1
Casinaria_sp_BS_UCE_Ich436,1
Cathilaria_opuntiae_USNMENT01322360,1
Caupolicana_yarrowi_BND654,0
Cea_pulicaris_JRAS07600_0189,1
Cecinothofagus_ibarrai_USNMENT01322269,1
Cedria_paradoxa_USNMENT01322582,1
Centistes_sp1_USNMENT01322439,1
Centris_rhodopus_BND615,0
Centrodora_sp1_USNMENT01231207,1
Ceraphron_masneri_PSUC_FEM17531,1
Ceraphron_sp_PSUC_FEM17529,1
Ceraphron_sp1_PA_PSUC_FEM10045052,1
Ceraphron_sp2_PA_PSUC_FEM10045062,1
Ceratina_duplex_calcarta_BND657,0
Cerceris_hatuey_EX444,1
Ceroptres_sp_USNMENT01322294,0
Cestrus_arcuatus_BS_UCE_Ich003,1
Chaenusa_americana_USNMENT01322482,1
Chaenusa_quadriceps_USNMENT01322484,1
Chalcedectus_sp_USNMENT01322096,1
Chalcimerus _borceai_JRAS01317_0301,1
Chalcis_barbara_USNMENT01322189,1
Chalybion_californicus_HPG12,1
Charmon_sp1_USNMENT01322560,1
Charops_sp_BS_UCE_Ich455,1
Chartocerus_sp_JRAS07600_0201,1
Chelonus_Microchelonus_sp1_USNMENT01322561,1
Chiloe_micropteron_JRAS07627_0189,1
Chirotica_sp_BS_UCE_Ich476,1
Chlorion_aerarium_BND837,1
Chlorocryptus_purpuratus_BS_UCE_Ich020,1
Chorebus_posticus_USNMENT01322423,1
Chorebus_KPBS_sp7_USNMENT01322422,1
Chremylus_elaphus_USNMENT01322599,1
Chryseida_sp6_USNMENT01339649,1
Chrysis_sp_EX561,1
Chrysolampus_sp_ANIC00035_0189,1
Chyphotes_mellipes_HPG7,1
Chyphotes_sp_EX553,1
Cidaphus_sp_BS_UCE_Ich385,1
Cinetus_sp_USNMENT01322342,1
Cladius_difformis_USNMENT01322223,0
Clasis_n_sp_BS_UCE_Ich189,1
Clatha_sp_BS_UCE_Ich461,1
Cleonymus_sp_JRAS07458_0689,1
Lysitermoides_sp1_USNMENT01322608,1
Clinocentrus_sp2_USNMENT01322625,1
Clypeadon_haigi_BND819,1
Clytina_giraudi_JRAS07820_0189,1
Cnecomymar_sp_USNMENT01322528,1
Coccobius_sp1_USNMENT01231205,1
Coccophagus_sp1_USNMENT01231210,1
Codrus_sp_USNMENT01322353,1
Coelinius_n_sp_USNMENT01322626,1
Coelinius_robinae_USNMENT01322424,1
Coelinius_sp1_USNMENT01322508,1
Coelocyboides_sp_USNMENT01322071,1
Coeloides_scolytivorus_USNMENT01322554,1
Coiba_jeffersoni_USNMENT01322487,1
Colastes_sp1_USNMENT01322617,1
Coleocentrus_rufus_BS_UCE_Ich379,1
Colletes_dimidiatus_BND283,0
Collyria_coxator_BS_UCE_Ich384,1
Colocistis_eremi_EX558,1
Colotrechnus_ignotus_USNMENT01322101,1
Conostigmus_abdominalis_PSUC_FEM17567,1
Conostigmus_crassicornis_PSUC_FEM13461,1
Conostigmus_fasciatipennis_NCSU43309,1
Coptera_sp_USNMENT01322289,1
Aegilips_chilensis_USNMENT01339639,1
Cosmocomoidea_morrilli_USNMENT01322077,1
Cosmophorus_sp1_USNMENT01322566,1
Cotesia_diacrisiae_USNMENT01322494,1
Courtella_hladikae_JRAS01934_0189,1
Cratospila_neocirce_USNMENT01322464,1
Creator_spissicornis_PSUC_FEM13530,1
Neocremnops_virginiensis_USNMENT01322238,1
Cryptophion_inaequalipes_BS_UCE_Ich445,1
Cryptopimpla_quadrilineata_jocosa_BS_UCE_Ich343,1
Crytea_albitrochnaterata_BS_UCE_Ich228,1
Ctenocolletes_albomarginatus_BND1320,0
Ctenoplectra_rodhaini_BND984,0
Cylloceria_melancholica_BS_UCE_Ich381,1
Cymodusa_distincta_BS_UCE_Ich466,1
Cynips_plumbea_USNMENT01322300,0
Dacnusa_KPBS_sp1_USNMENT01322427,1
Dapsilarthra_spA_USNMENT01322536,1
Dasylabris_sp_EX559,1
Dasymutilla_sackenii_EX569,1
Dasypoda_visnaga_BND977,0
Deinodryinus_atriventris_EX475,1
Deleboea_sp_BS_UCE_Ich186,1
Dendrocerus_acrossopteryx_UCFC0028895,1
Dendrocerus_aphidum_NCSU0016853,1
Dendrocerus_mexicali_PSUC_FEM86151,1
Diachasma_muliebre_USNMENT01322592,1
Diachasmimorpha_longicaudata_USNMENT01322503,1
Diacritus_muliebris_BS_UCE_Ich311,1
Diapria_conica_USNMENT01322287,1
Diastrophus_turgidus_USNMENT01322311,0
Dicamptus_sp_BS_UCE_Ich454,1
Dieunomia_nevadensis_BND1112,0
Digonocryptus_narratorius_BS_UCE_Ich072,1
Digonogastra_eurygaster_USNMENT01322500,1
Dilyta_sp1_USNMENT01339646,1
Dinotrema_sp1_USNMENT01322537,1
Diolcogaster_sp3_USNMENT01322449,1
Diospilus_sp1_USNMENT01322575,1
Dioxys_pomonae_BND1152,0
Dipara_sp_JRAS07460_0289,1
Diplazon_laetatorius_BS_UCE_Ich322,1
Diplolepis_bicolor_USNMENT01322275,0
Dirhinus_sp_USNMENT01322191,1
Disholcaspis_quercusmamma_EX579,0
Dolichomitus_sp_BS_UCE_Ich308,1
Doryctes_erythromelas_USNMENT01322488,1
Doryctobracon_crawfordi_USNMENT01322594,1
Dryocosmus_rileypokei_USNMENT01322317,0
Dusona_sp_BS_UCE_Ich410,1
Earinus_sp1_USNMENT01322461,1
Echthromorpha_agrestoria_BS_UCE_Ich335,1
Echthrus_reluctator_BS_UCE_Ich117,1
Ecphylus_rohweri_USNMENT01322490,1
Eiphosoma_sp_BS_UCE_Ich190,1
Elasmosoma_sp1_USNMENT01322574,1
Elasmus_albizziae_USNMENT01322182,1
Embolemidae_sp_EX483,1
Encarsia_sp1_USNMENT01231206,1
Endasys_sp_BS_UCE_Ich131,1
Enicospilus_sp_BS_UCE_Ich570,1
Enizemum_sp_BS_UCE_Ich481,1
Entedon_ergias_USNMENT01322185,1
Entomacis_sp_EX486,1
Ephedrus_sp45_USNMENT01322429,1
Ephialtes_sp_BS_UCE_Ich584,1
Ephuta_rufisquamis_EX573,1
Epimicta_griffithsi_USNMENT01322426,1
Epitranus_sp_USNMENT01322192,1
Epyris_sp1_EX562,1
Eretmocerus_eremicus_JSTR00476_0189,1
Ericrocis_lata_BND1100,0
Erigorgus_sp_BS_UCE_Ich465,1
Erotolepsia_sp01_JRAS07552_0589,1
Erythmelus_sp2_USNMENT01339651,1
Erythrodolius_sp_BS_UCE_Ich397,1
Eschatocerus_niger_USNMENT01322270,0
Ethelurgus_nigriventris_BS_UCE_Ich165,1
Eubazus_sp1_USNMENT01322552,1
Euceroptres_montanus_USNMENT01322161,1
Euceros_sp_BS_UCE_Ich191,1
Eucharis_adscendens_JRAS07609_0189,1
Meniscomorpha_sp_BS_UCE_Ich318,1
Euderus_sp_JRAS07829_0189,1
Eulaema_meriana_ML179,0
Eunotus_acutatus_JRAS07602_1001,1
Eupelmus_linearis_JRAS07601_0289,1
Euplectrus_sp_EX492,1
Euryglossa_ephippiata_BND691,0
Euryischomyia_sp_ANIC00102_0189,1
Eurytoma_fumipennis_USNMENT01322362,1
Eurytoma_n_sp_guadeloupe_USNMENT01322395,1
Eurytoma_obtusiventris_USNMENT01339653,1
Eurytoma_sp1_USNMENT01322063,1
Eusandalum_sp_USNMENT01322070,1
Eusterinx_oligomera_BS_UCE_Ich348,1
Eutanygaster_sp_BS_UCE_Ich412,1
Eutrichosoma_mirabile_USNMENT01322104,1
Evania_albofacialis_PSUC_FEM188504,1
Evaniella_semaeoda_USNMENT01322217,1
Exallonyx_sp_USNMENT01322352,1
Exasticolus_sp1_USNMENT01322476,1
Excavarus_annulipes_BS_UCE_Ich382,1
Exochus_izbus_BS_UCE_Ich391,1
Exoneura_bicolor_BND682,0
Exotela_sp2_USNMENT01322456,1
Fidiobia_sp_USNMENT01223772,1
Figites_sp_USNMENT01322163,1
Fopius_arisanus_USNMENT01322593,1
Formica_moki_T765,1
Foutsia_philodendri_USNMENT01322394,1
Ganaspis_brasiliensis_USNMENT01339685,1
Ganaspis_sp2_USNMENT01339603,1
Gasteruption_assectator_USNMENT01322227,1
Gasteruption_tarsatorium_USNMENT01339671,1
Gastrotrypes_sp_USNMENT01223878,1
Gatesina_colombiana_USNMENT01322373,1
Gavrana_sp_BS_UCE_Ich203,1
Gelis_sp_BS_UCE_Ich134,1
Glyphomerus_stigma_JRAS05562_0599,1
Glypta_sp_BS_UCE_Ich304,1
Glyptapanteles_sp1_USNMENT01322478,1
Glyptomorpha_pectoralis_USNMENT01322556,1
Gnamptodon_sp1_USNMENT01322440,1
Gnypetomorpha_sp_BS_UCE_Ich166,1
Goniozus_sp1_EX555,1
Gronotoma_sp_USNMENT00877589,1
Grotea_sp_BS_UCE_Ich367,1
Halictus_ligatus_sayi_EX395,0
Haltichella_sp_USNMENT01322193,1
Halticoptera_patellana_JRAS01314_1701,1
Hartigia_trimaculata_USNMENT01339622,0
Hedycryptus_rufiopetiolatus_BS_UCE_Ich023,1
Heimbra_opaca_USNMENT01339599,1
Heimbrella_sp_USNMENT01322371,1
Helcon_nunciator_USNMENT01322576,1
Helictes_sp_BS_UCE_Ich324,1
Helorus_ruficornis_USNMENT0653897,1
Heptamelus_dahlbomi_USNMENT01339629,0
Herbertia_sp_JRAS07575_0189,1
Heriades_leavitti_EX394,0
Heteribalia_sp_USNMENT01339673,1
Heterogyna_nocticola_BND1290,1
Heteropelma_datanae_BS_UCE_Ich479,1
Heterospilus_sp18_USNMENT01322563,1
Hexacharis_flavipes_USNMENT01339633,1
Hexacladia_sp1_USNMENT01231129,1
Hidryta_fusiventris_CO492,1
Histeromerus_sp1_USNMENT01322604,1
Holocynips_hartmani_USNMENT01322321,0
Holophleps_sp_PSUC_FEM146688,1
Homaloceraphron_macrophthalmus_PSUC_FEM17848,1
Homolobus_sp1_USNMENT01322577,1
Homotropus_sp_BS_UCE_Ich482,1
Hoplitalysia_slossonae_USNMENT01322466,1
Hormius_sp2_USNMENT01322578,1
Hybrizon_rileyi_BS_UCE_Ich316,1
Hylaeus_elegans_BND1310,0
Hymenochaonia_sp2_USNMENT01322244,1
Hypomicrogaster_zonaria_USNMENT01322460,1
Hyptia_harpyoides_USNMENT01339668,1
Ibalia_anceps_USNMENT00653903,1
Ichneumon_bucculentus_BS_UCE_Ich233,1
Ichneutes_sp1_USNMENT01322581,1
Idarnes_incertus_JRAS06107_0389,1
Inostemma_sp_USNMENT01335757,1
Iphitrachelus_sp_USNMENT01335755,1
Ismarus_sp_USNMENT01197715,1
Isocolcus_scabiosae_USNMENT01322273,0
Isolia_sp_OSUC698060,1
Isosomodes_parkeri_USNMENT01322054,1
Janus_integer_USNMENT01339623,0
Janzenella_innupta_OSUC264384,1
Josephiella_microcarpae_JRAS06552_0189,1
Khamul_erwini_USNMENT01322370,1
Kleidotoma_sp1_USNMENT01339641,1
Klutiana_sp_BS_UCE_Ich388,1
Labena_grallator_BS_UCE_Ich192,1
Lagium_atroviolaceum_USNMENT01322219,0
Lagynodes_crassicornis_PSUC_FEM13564,1
Lanugo_schlingeri_BS_UCE_Ich015,1
Leiophron_incerta_USNMENT01322473,1
Leiophron_sp1_USNMENT01322568,1
Lelaps_sp_USNMENT01322099,1
Leluthia_mexicana_USNMENT01322436,1
Leptacis_sp_USNMENT01223928,1
Leptobatopsis_sp_BS_UCE_Ich462,1
Leptocybe_invasa_USNMENT01339654,1
Leptolamina_ponapenis_USNMENT01339637,1
Leptopilina_japonica_USNMENT01339619,1
Leucospis_affinis_USNMENT01322176,1
Linycus_exhortator_BS_UCE_Ich213,1
Liobracon_aquilonius_USNMENT01322616,1
Liojoppa_aff_centralis_BS_UCE_Ich296,1
Lissopimpla_sp_BS_UCE_Ich448,1
Lithurgus_pullatus_BND1030,0
Loboscelidia_sp_EX554,1
Lonchidia_sp1_USNMENT01339616,1
Lophyrotoma_zonalis_USNMENT01339631,0
Lycorina_fici_BS_UCE_Ich400,1
Lysaphidus_sp1_USNMENT01322495,1
Lysiphlebus_sp1_USNMENT01322546,1
Lytoxysta_brevipalpus_USNMENT01322157,1
Macrocentrus_spA_USNMENT01322585,1
Macroglenes_penetrans_USNMENT01322098,1
Macrojoppa_bogotensis_BS_UCE_Ich263,1
Macrophya_trisyllaba_USNMENT01322226,0
Macropis_europaea_BND980,0
Macrorileya_nsp_USNMENT01339600,1
Macrorileya_oecanthi_USNMENT01322367,1
Macrotera_echinocacti_BND1092,0
Magellanium_sp_USNMENT01197849,1
Mansa_sp_BS_UCE_Ich105,1
Manuelia_gayatina_BND1255,0
Masner_lubomirus_PSUC_FEM13496,1
Megalyridae_sp_USNMENT01339662,1
Meganomia_binghami_BND1026,0
Megarhyssa_atrata_BS_UCE_Ich310,1
Megaspilus_armatus_PSUC_FEM13531,1
Megastylus_sp_BS_UCE_Ich475,1
Megichile_exilis_EX393,0
Megischus_mexicanus_USNMENT01339669,1
Megischus_sp_USNMENT01322262,1
Melalophacharops_sp_BS_UCE_Ich449,1
Melanips_sp_USNMENT01322150,1
Melitta_arrogans_BND943,0
Mesochorus_sp_BS_UCE_Ich334B,1
Mesoleptidea_sp_BS_UCE_Ich487,1
Messatoporus_discoidalis_BS_UCE_Ich087,1
Metaclisis_sp_USNMENT01197956,1
Metapelma_sp_USNMENT01322173,1
Metapolybia_cingulata_HPG10,1
Meteorus_sp6_USNMENT01322447,1
Methoca_sp_EX570,1
Metopius_sp_BS_UCE_Ich333B,1
Micrevania_DERV064_PSUC_FEM188505,1
Microbembex_cubana_EX445,1
Microcharops_sp_BS_UCE_Ich406,1
Microctonus_sp4_USNMENT01322570,1
Microgaster_sp1_USNMENT01322451,1
Microplitis_sp2_USNMENT01322587,1
Mikeius_hartigi_USNMENT01322169,1
Miota_sp_USNMENT01322341,1
Microleptes_sp_BS_UCE_Ich196,1
Mirufens_longicauda_JRAS07597_0501,1
Mischocyttarus_mexicanus_EX398,1
Mnioes_sp_BS_UCE_Ich500,1
Monacon_sp_JRAS07775_0189,1
Monoctonus_sp1_USNMENT01322621,1
Monodontomerus_sp2_USNMENT01322181,1
Monomachus_sp_USNMENT01322359,1
Mutilla_sp_EX563,1
Mymaromma_anomalum_JRAS07601_0189,1
Myrmosa_sp_EX575,1
Myrtopsen_mimosae_USNMENT01322134,1
Myzinum_sp_EX576,1
Nanomerus_spinulus_USNMENT01197953,1
Nasonia_vitripennis_USNMENT01322105,1
Nealiolus_sp1_USNMENT01322551,1
Neanastatus_sp_JRAS07313_0489,1
Nematus_tibialis_HPG2,0
Neopasiphae_mirabilis_BND1312,0
Neorhacodes_brevicauda_BS_UCE_Ich441,1
Neorileya_flavipes_USNMENT01322369,1
Neosycophila_sp_JRAS06679_0289,1
Neotheronia_sp_BS_UCE_Ich317,1
Neoxorides_caryae_BS_UCE_Ich376,1
Nesolinoceras_laluzbrillante_BS_UCE_Ich009,1
Netelia_sp_BS_UCE_Ich199,1
Neuroscelio_doddi_OSUC_0147252,1
Neuroterus_distortus_USNMENT01322326,0
Nixonia_watshami_USNMENT01109338,1
Nordlandiella_semirufa_USNMENT01339644,1
Notaspidium_sp_USNMENT01322202,1
Bolivar_ornaticornis_USNMENT01322438,1
Notiospathius_terminalis_USNMENT01322437,1
Oberthuerella_lenticularis_USNMENT01322285,1
Odonteucoila_sp1_USNMENT01339643,1
Odontobracon_montanus_USNMENT01322564,1
Odontocolon_albotibiale_BS_UCE_Ich200,1
Odontomutilla_sp_EX556,1
Oedemopsis_sp_BS_UCE_Ich352,1
Oenonogastra_sp1_USNMENT01322540,1
Oglobinisca_sp_JRAS07790_0201,1
Oligoneurus_sp1_USNMENT01322580,1
Olixon_sp_BS_UCE_Rhop1,1
Omalaspis_sp_USNMENT01322151,1
Oncophanes_sp_USNMENT01322606,1
Dolopsidea_carinata_USNMENT01322605,1
Ontsira_sp1_USNMENT01322565,1
Onycholyda_luteicornis_USNMENT01339624,0
Oobius_primorskyensis_USNMENT01119387,1
Oodera_sp_USNMENT01322179,1
Ooencyrtus_sp1_USNMENT01231161,1
Ophelimus_sp_USNMENT01322529,1
Ophion_sp_BS_UCE_Ich571,1
Opius_sp27_USNMENT01322597,1
Opius_sp5_USNMENT01322595,1
Orasema_sp_JRAS03331_0101,1
Orgilus_sp1_USNMENT01322598,1
Orgilus_sp4_USNMENT01322453,1
Ormyrus_salmanticus_JRAS06480_1789,1
Ormyrus_sp1_USNMENT01322082,1
Orthocentrus_sp_BS_UCE_Ich306,1
Orthogonalys_pulchella_USNMENT01322215,1
Orthostigma_sp1_USNMENT01322428,1
Orussus_minutus_USNMENT01339621,1
Orussus_terminalis_USNMENT01339620,1
Otitesella_ako_JRAS02384_0398,1
Oxybelus_analis_EX443,1
Oxytorus_sp_BS_UCE_Ich366,1
Pachodynerus_alayoi_EX400,1
Pachymelus_peringueyi_BND986,0
Pachynematus_corniger_USNMENT01322228,0
Pachysomoides_fulvus_BS_UCE_Ich078,1
Palmon_sp_USNMENT01322085,1
Pambolus_sp1_USNMENT01322600,1
Pamphilius_pullatus_USNMENT01339625,0
Pantoclis_sp_USNMENT01322340,1
Paracharactus_rudis_USNMENT01322222,0
Paradecatoma_sp_USNMENT01322415,1
Parahormius_sp1_USNMENT01322243,1
Paramblynotus_virginianus_USNMENT01339638,1
Paramesius_sp_USNMENT01322286,1
Parancistrocerus_bacu_EX401,1
Pararhophites_orobinus_BND1424,0
Paraspicera_sp_USNMENT01322152,1
Paraulax_quelensis_USNMENT01322268,1
Paridris_minator_USNMENT01322139,1
Parnips_nigripes_USNMENT01322129,1
Paroligoneurus_sp1_USNMENT01322443,1
Pauesia_sp1_USNMENT01322547,1
Pediaspis_aceris_USNMENT01339590,0
Pelecinus_sp_EX451,1
Pentapleura_foveolata_USNMENT01322541,1
Pepsis_grossa_EX437,1
Periclistus_sp1_USNMENT01322291,0
Perilampella_sp_ANIC00063_0189,1
Perilampus_hyalinus_USNMENT01322083,1
Perilitus_rutilus_USNMENT01322571,1
Peristenus_sp1_USNMENT01322569,1
Phaenocarpa_sp2_USNMENT01322542,1
Phaenoglyphis_sp1_USNMENT01339640,1
Phaenoserphus_sp_USNMENT00764821,1
Phaeogenes_ss_sp_BS_UCE_Ich212,1
Phanacis_sp_USNMENT00653613,0
Phanerotoma_sp1_USNMENT01322469,1
Phasgonophora_sulcata_USNMENT01322180,1
Philanthus_gibbosus_BND827,1
Philolema_latrodecti_USNMENT01322374,1
Philotrypesis_sp_JRAS05463_0289,1
Phobocampe_clisiocampae_BS_UCE_Ich344,1
Pholetesor_sp1_USNMENT01322588,1
Phygadeuon_sp_BS_UCE_Ich140,1
Phylloxeroxenus_sp_USNMENT01322207,1
Physothorax_pallidus_USNMENT01322087,1
Phytodietus_pleuralis_BS_UCE_Ich315,1
Piestopleura_sp_USNMENT01223801,1
Pimpla_aequalis_BS_UCE_Ich198,1
Pioscelus_borealis_USNMENT01322491,1
Pison_chilense_BND1250,1
Plagiotrochus_suburi_USNMENT01322345,0
Platygaster_sp_USNMENT01335753,1
Platygaster_sp_USNMENT01335833,1
Platymystax_sp_BS_UCE_Ich107,1
Plebeina_hildebrandti_BND992,0
Plectocynips_pilosus_USNMENT01322170,1
Pleistodontes_sp1_JRAS00997_0189,1
Plenoculus_cockerelli_BND809,1
Pleolophus_basizonus_BS_UCE_Ich113,1
Plumarius_sp_EX550,1
Pluto_argentifrons_EX448,1
Pnigalio_minio_USNMENT01322183,1
Podagrionella_sp_USNMENT01322086,1
Podogaster_cf_BS_UCE_Ich421,1
Pogonomyrmex_occidentalis_EX377,1
Polemochartus_liparae_USNMENT01322615,1
Polistes_poeyi_EX399,1
Polistomorpha_fasciata_JRAS07624_0301,1
Polyblastus_sp_BS_UCE_Ich488,1
Polynema_near_needhami_USNMENT01322078,1
Polystenidea_parksi_USNMENT01322620,1
Pompilidae_sp_EX407,1
Praon_sp1_USNMENT01322430,1
Prionyx_canadensis_BND831,1
Prionyx_thomae_EX404,1
Pristaulacus_stigmaterus_USNMENT01322229,1
Pristocera_sp1_EX552,1
Pristomerus_sp_BS_UCE_Ich413,1
Proclitus_fulvicornis_BS_UCE_Ich355,1
Proctotrupes_sp1_USNMENT01322351,1
Prodecatoma_cooki_USNMENT01339596,1
Prodecatomidea_sp_USNMENT01339601,1
Promuscidea_sp_JRAS07754_0101,1
Proplatygaster_sp_USNMENT01109879,1
Propsilomma_columbianum_USNMENT01322336,1
Proscolia_sp_EX568,1
Proterops_sp_proteroptoides_USNMENT01322444,1
Protoxaea_gloriosa_BND217,0
Pseudibalia_sp_USNMENT01339677,1
Pseudognaptodon_sp1_USNMENT01322474,1
Pseudoligosita_gracilior_JRAS07625_0489,1
Pseudomasaris_vespoides_EX442,1
Pseudometagea_sp_USNMENT01322060,1
Psilochalcis_brevialata_USNMENT01322195,1
Pteromalus_puparum_USNMENT01322091,1
Pulverro_boharti_BND1663,1
Pygocryptus_erugatus_BS_UCE_Ich139,1
Rhaconotus_fasciatus_USNMENT01322492,1
Rhoophilus_loewi_USNMENT01322293,0
Rhopalomutilla_sp_EX564,1
Rhopalosoma_nearcticum_EX457,1
Rhoptromeris_sp1_USNMENT01339642,1
Rhygoplitis_sp1_USNMENT01322480,1
Rhysipolis_sp1_USNMENT01322603,1
Rhyssella_nitida_BS_UCE_Ich378,1
Rhytidoponera_chalybaea_,1
Rileya_grisselli_USNMENT01339595,1
Triraphis_sp2_USNMENT01322611,1
Rophites_algirus_BND972,0
Ropronia_garmani_USMNENT0653896,1
Rothneyia_sp_BS_UCE_Ich458,1
Sapyga_pumila_HPG8,1
Sapyga_sp_EX466,1
Sarothrus_sp2_USNMENT01339611,1
Sceliphron_caementarium_EX439,1
Schenkia_sp_BS_UCE_Ich110,1
Schizocerella_lineata_USNMENT01322224,0
Schizoprymnus_sp2_USNMENT01322549,1
Sclerogibbidae_sp_EX566,1
Scolia_verticalis_HPG11,1
Scoliinae_sp_EX577,1
Scolomus_clypeatus_BS_UCE_Ich328,1
Scrapter_heterodoxus_BND904,0
Scutellista_caerulea_USNMENT01322102,1
Scutimica_sp_USNMENT01322133,1
Sericomyrmex_harekuli_HPG9,1
Setanta_sp_BS_UCE_Ich267,1
Sierolomorpha_sp_EX471,1
Sigalphus_sp1_USNMENT01322498,1
Signiphora_sp_JRAS07789_0189,1
Sirex_noctilio_USNMENT01339665,0
Skiapus_coalescens_BS_UCE_Ich463,1
Smicromyrmilla_sp_EX567,1
Snellenius_sp1_USNMENT01322589,1
Spalangia_sp_JRAS06352_0289_0289,1
Sparasion_cullaris_USNMENT01322137,1
Spathius_laflammei_USNMENT01322434,1
Sphaeropthalma_orestes_EX436,1
Sphecius_hogardii_EX447,1
Sphecodes_persimilis_BND559,0
Sphex_jamaicensis_EX405,1
Spilomicrus_sp_USNMENT01322337,1
Spliopteron_occiputale_BS_UCE_Ich313,1
Stantonia_sp30_USNMENT01322481,1
Steffanolampus_sp_USNMENT01322084,1
Stenamma_megamanni_EX368,1
Stenarella_insidiator_BS_UCE_Ich059,1
Stenichneumon_culpator_BS_UCE_Ich238,1
Stenomacrus_sp_BS_UCE_Ich499,1
Stigmatomma_oregonense_EX435,1
Stilbops_vetulus_BS_UCE_Ich423,1
Stilbula_cyniformis_JRAS06279_0199,1
Stiropius_sp_USNMENT01322624,1
Striatovertex_sp_USNMENT00653899,1
Sycophila_nsp_USNMENT01322053,1
Synergus_sp_USNMENT01322283,0
Synopeas_sp_USNMENT01223783,1
Synophromorpha_sylvestris_USNMENT01322282,0
Synophrus_pilulae_USNMENT00961203,0
Syntretus_sp1_USNMENT01322572,1
Systasis_sp_USNMENT01322057,1
Systole_sp_prob_albipennis_USNMENT01322069,1
Szepligetella_DERV047_PSUC_FEM188503,1
Bootanomyia_stigmatizans_GDEL03057_0101,1
Chromeurytoma_sp_ANIC00037_0189,1
Megastigmus_transvaalensis_USNMENT01322090,1
Tachysphex_alayoi_EX402,1
Taeniogonalos_gundlachii_USNMENT01339670,1
Tamarixia_radiata_USNMENT01339650,1
Tamaulipeca_nsp_BS_UCE_Ich185,1
Tanaostigma_stanleyi_USNMENT01322081,1
Tanaostigmodes_albiclavus_USNMENT01322080,1
Taxonus_pallipes_USNMENT01322231,0
Teasienna_sp_USNMENT01322107,1
Tenuipetiolus_ruber_USNMENT01322382,1
Tetrabaeus_sp_USNMENT01197878,1
Tetracampe_sp_JRAS07821_0101,1
Tetramesa_romana_USNMENT01322405,1
Tetrapus_sp1_JRAS06126_0189,1
Theocolax_elegans_USNMENT01322095,1
Therion_sp_BS_UCE_Ich403,1
Theronia_sp_BS_UCE_Ich435,1
Thoreauella_sp1_USNMENT01339615,1
Thrinax_dubitata_USNMENT01322221,0
Thrinchostoma_perineti_BND1247,0
Thyninnae_sp_EX565,1
Thyreodon_sp_BS_UCE_Ich383,1
Thyreus_delumbatus_BND988,0
Tiphia_sp_EX571,1
Torymoides_sulcius_USNMENT01322088,1
Torymus_sp_USNMENT01322178,1
Toxoneuron_viator_USNMENT01322468,1
Symphya_n_sp2_USNMENT01322254,1
Trachusa_larreae_BND1144,0
Trassedia_nsp_PSUC_FEM95969,1
Trathala_n_sp_BS_UCE_Ich408,1
Trematopygodes_rufipectus_BS_UCE_Ich345,1
Trematopygus_sp_BS_UCE_Ich468,1
Tremex_columba_USNMENT01322218,0
Triaspis_sp1_USNMENT01322475,1
Trichomma_cf_BS_UCE_Ich452,1
Trichoplasta_sp1_USNMENT01339635,1
Trichopria_sp_USNMENT01322335,1
Triclistus_crassus_BS_UCE_Ich334B,1
Trieces_sp_BS_UCE_Ich392,1
Pompilidae_sp_USNMENT01339591,1
Trioxys_sp1_USNMENT01322622,1
Trioxys_sp2_USNMENT01322623,1
Triraphis_discoideus_USNMENT01322496,1
Trissolcus_sp_USNMENT01223831,1
Trogaspidia_sp_EX574,1
Trogomorpha_trogiformis_BS_UCE_Ich205,1
Trybliographa_sp_USNMENT00877722,1
Trychosis_exulans_BS_UCE_Ich097,1
Trypoxylon_sp_EX403,1
Tylosema_dayae_USNMENT01322132,1
Mirax_sp1_USNMENT01322590,1
Urosigalphus_sp2_USNMENT01322614,1
Utetes_sp1_USNMENT01322452,1
Vadumasonium_sp1_USNMENT01322618,1
Vanhornia_eucnemidarum_EX498,1
Venturia_sp_BS_UCE_Ich450,1
Vespa_sp_EX578,1
Vipio_sp1_USNMENT01322501,1
Vulgichneumon_sp_BS_UCE_Ich207,1
Waldheimia_carbonaria_USNMENT01322216,0
Wroughtonia_sp1_USNMENT01322502,1
Xanthesma_furcifera_BND710,0
Xanthocampoplex_sp_BS_UCE_Ich460,1
Xiphosomella_sp_BS_UCE_Ich409,1
Xiphydria_maculata_USNMENT01339666,0
Xiphydria_maculata_USNMENT01339667,0
Xorides_sp_BS_UCE_Ich309,1
Xyalaspis_sp_USNMENT01339604,1
Xyalophora_sp1_USNMENT01339617,1
Xyela_bakeri_USNMENT01322230,0
Xyela_sp_EX453,0
Xylocopa_virginica_BND1158,0
Yelicones_delicatus_USNMENT01322497,1
Zaeucoila_robusta_USNMENT01339614,1
Zaglyptus_varipes_BS_UCE_Ich349,1
Zaommoencyrtus_sp1_USNMENT01231139,1
Zapatella_davisae_USNMENT01322330,0
Zelandonota_sp_USNMENT01109898,1
Zelostemma_sp_USNMENT01109896,1
Zeuxevania_sp_PSUC_FEM188508,1
Zygota_sp_USNMENT01322354,1